<rdf:RDF
   xmlns:rdf="http://www.w3.org/1999/02/22-rdf-syntax-ns#"
   xmlns:rdfs="http://www.w3.org/2000/01/rdf-schema#"
   xmlns:owl="http://www.w3.org/2002/07/owl#" 
   xmlns:dc="http://purl.org/dc/elements/1.1/">

 <owl:Ontology 
     rdf:about="http://www.w3.org/1999/02/22-rdf-syntax-ns#">
   <dc:title>The RDF Vocabulary (RDF)</dc:title>
   <dc:description>This is the RDF Schema for the RDF vocabulary defined in the RDF namespace.</dc:description>
 </owl:Ontology>
 
 <!-- Added by Ivan Herman, 2010-12-30, from here... -->
 <rdfs:Datatype rdf:about="http://www.w3.org/1999/02/22-rdf-syntax-ns#PlainLiteral">
   <rdfs:subClassOf rdf:resource="http://www.w3.org/2000/01/rdf-schema#Literal"/>
   <rdfs:isDefinedBy rdf:resource="http://www.w3.org/TR/rdf-plain-literal/"/>
   <rdfs:label>PlainLiteral</rdfs:label>
   <rdfs:comment>The class of plain (i.e. untyped) literal values.</rdfs:comment>
</rdfs:Datatype>
<!-- ... until here -->
 

<rdf:Property rdf:about="http://www.w3.org/1999/02/22-rdf-syntax-ns#type">
  <rdfs:isDefinedBy rdf:resource="http://www.w3.org/1999/02/22-rdf-syntax-ns#"/>
  <rdfs:label>type</rdfs:label>
  <rdfs:comment>The subject is an instance of a class.</rdfs:comment>
  <rdfs:range rdf:resource="http://www.w3.org/2000/01/rdf-schema#Class"/>
  <rdfs:domain rdf:resource="http://www.w3.org/2000/01/rdf-schema#Resource"/>
</rdf:Property>

<rdfs:Class rdf:about="http://www.w3.org/1999/02/22-rdf-syntax-ns#Property">
  <rdfs:isDefinedBy rdf:resource="http://www.w3.org/1999/02/22-rdf-syntax-ns#"/>
  <rdfs:label>Property</rdfs:label>
  <rdfs:comment>The class of RDF properties.</rdfs:comment>
  <rdfs:subClassOf rdf:resource="http://www.w3.org/2000/01/rdf-schema#Resource"/>
</rdfs:Class>

<rdfs:Class rdf:about="http://www.w3.org/1999/02/22-rdf-syntax-ns#Statement">
  <rdfs:isDefinedBy rdf:resource="http://www.w3.org/1999/02/22-rdf-syntax-ns#"/>
  <rdfs:label>Statement</rdfs:label>
  <rdfs:subClassOf rdf:resource="http://www.w3.org/2000/01/rdf-schema#Resource"/>
  <rdfs:comment>The class of RDF statements.</rdfs:comment>
</rdfs:Class>

<rdf:Property rdf:about="http://www.w3.org/1999/02/22-rdf-syntax-ns#subject">
  <rdfs:isDefinedBy rdf:resource="http://www.w3.org/1999/02/22-rdf-syntax-ns#"/>
  <rdfs:label>subject</rdfs:label>
  <rdfs:comment>The subject of the subject RDF statement.</rdfs:comment>
  <rdfs:domain rdf:resource="http://www.w3.org/1999/02/22-rdf-syntax-ns#Statement"/>
  <rdfs:range rdf:resource="http://www.w3.org/2000/01/rdf-schema#Resource"/>
</rdf:Property>

<rdf:Property rdf:about="http://www.w3.org/1999/02/22-rdf-syntax-ns#predicate">
  <rdfs:isDefinedBy rdf:resource="http://www.w3.org/1999/02/22-rdf-syntax-ns#"/>
  <rdfs:label>predicate</rdfs:label>
  <rdfs:comment>The predicate of the subject RDF statement.</rdfs:comment>
  <rdfs:domain rdf:resource="http://www.w3.org/1999/02/22-rdf-syntax-ns#Statement"/>
  <rdfs:range rdf:resource="http://www.w3.org/2000/01/rdf-schema#Resource"/>
</rdf:Property>

<rdf:Property rdf:about="http://www.w3.org/1999/02/22-rdf-syntax-ns#object">
  <rdfs:isDefinedBy rdf:resource="http://www.w3.org/1999/02/22-rdf-syntax-ns#"/>
  <rdfs:label>object</rdfs:label>
  <rdfs:comment>The object of the subject RDF statement.</rdfs:comment>
  <rdfs:domain rdf:resource="http://www.w3.org/1999/02/22-rdf-syntax-ns#Statement"/>
  <rdfs:range rdf:resource="http://www.w3.org/2000/01/rdf-schema#Resource"/>
</rdf:Property>

<rdfs:Class rdf:about="http://www.w3.org/1999/02/22-rdf-syntax-ns#Bag">
  <rdfs:isDefinedBy rdf:resource="http://www.w3.org/1999/02/22-rdf-syntax-ns#"/>
  <rdfs:label>Bag</rdfs:label>
  <rdfs:comment>The class of unordered containers.</rdfs:comment>
  <rdfs:subClassOf rdf:resource="http://www.w3.org/2000/01/rdf-schema#Container"/>
</rdfs:Class>

<rdfs:Class rdf:about="http://www.w3.org/1999/02/22-rdf-syntax-ns#Seq">
  <rdfs:isDefinedBy rdf:resource="http://www.w3.org/1999/02/22-rdf-syntax-ns#"/>
  <rdfs:label>Seq</rdfs:label>
  <rdfs:comment>The class of ordered containers.</rdfs:comment>
  <rdfs:subClassOf rdf:resource="http://www.w3.org/2000/01/rdf-schema#Container"/>
</rdfs:Class>

<rdfs:Class rdf:about="http://www.w3.org/1999/02/22-rdf-syntax-ns#Alt">
  <rdfs:isDefinedBy rdf:resource="http://www.w3.org/1999/02/22-rdf-syntax-ns#"/>
  <rdfs:label>Alt</rdfs:label>
  <rdfs:comment>The class of containers of alternatives.</rdfs:comment>
  <rdfs:subClassOf rdf:resource="http://www.w3.org/2000/01/rdf-schema#Container"/>
</rdfs:Class>

<rdf:Property rdf:about="http://www.w3.org/1999/02/22-rdf-syntax-ns#value">
  <rdfs:isDefinedBy rdf:resource="http://www.w3.org/1999/02/22-rdf-syntax-ns#"/>
  <rdfs:label>value</rdfs:label>
  <rdfs:comment>Idiomatic property used for structured values.</rdfs:comment>
  <rdfs:domain rdf:resource="http://www.w3.org/2000/01/rdf-schema#Resource"/>
  <rdfs:range rdf:resource="http://www.w3.org/2000/01/rdf-schema#Resource"/>
</rdf:Property>

<!-- the following are new additions, Nov 2002 -->

<rdfs:Class rdf:about="http://www.w3.org/1999/02/22-rdf-syntax-ns#List">
  <rdfs:isDefinedBy rdf:resource="http://www.w3.org/1999/02/22-rdf-syntax-ns#"/>
  <rdfs:label>List</rdfs:label>
  <rdfs:comment>The class of RDF Lists.</rdfs:comment>
  <rdfs:subClassOf rdf:resource="http://www.w3.org/2000/01/rdf-schema#Resource"/>
</rdfs:Class>

<rdf:List rdf:about="http://www.w3.org/1999/02/22-rdf-syntax-ns#nil">
  <rdfs:isDefinedBy rdf:resource="http://www.w3.org/1999/02/22-rdf-syntax-ns#"/>
  <rdfs:label>nil</rdfs:label>
  <rdfs:comment>The empty list, with no items in it. If the rest of a list is nil then the list has no more items in it.</rdfs:comment>
</rdf:List>

<rdf:Property rdf:about="http://www.w3.org/1999/02/22-rdf-syntax-ns#first">
  <rdfs:isDefinedBy rdf:resource="http://www.w3.org/1999/02/22-rdf-syntax-ns#"/>
  <rdfs:label>first</rdfs:label>
  <rdfs:comment>The first item in the subject RDF list.</rdfs:comment>
  <rdfs:domain rdf:resource="http://www.w3.org/1999/02/22-rdf-syntax-ns#List"/>
  <rdfs:range rdf:resource="http://www.w3.org/2000/01/rdf-schema#Resource"/>
</rdf:Property>

<rdf:Property rdf:about="http://www.w3.org/1999/02/22-rdf-syntax-ns#rest">
  <rdfs:isDefinedBy rdf:resource="http://www.w3.org/1999/02/22-rdf-syntax-ns#"/>
  <rdfs:label>rest</rdfs:label>
  <rdfs:comment>The rest of the subject RDF list after the first item.</rdfs:comment>
  <rdfs:domain rdf:resource="http://www.w3.org/1999/02/22-rdf-syntax-ns#List"/>
  <rdfs:range rdf:resource="http://www.w3.org/1999/02/22-rdf-syntax-ns#List"/>
</rdf:Property>
	
<rdfs:Datatype rdf:about="http://www.w3.org/1999/02/22-rdf-syntax-ns#XMLLiteral">
  <rdfs:subClassOf rdf:resource="http://www.w3.org/2000/01/rdf-schema#Literal"/> 
  <rdfs:isDefinedBy rdf:resource="http://www.w3.org/1999/02/22-rdf-syntax-ns#"/>
  <rdfs:label>XMLLiteral</rdfs:label>
  <rdfs:comment>The class of XML literal values.</rdfs:comment>
</rdfs:Datatype>

<rdf:Description rdf:about="http://www.w3.org/1999/02/22-rdf-syntax-ns#">
  <rdfs:seeAlso rdf:resource="http://www.w3.org/2000/01/rdf-schema-more"/>
</rdf:Description>

</rdf:RDF>

