# of IoT-Apps	3
# of Iot-Brokers	1
$#-dashboard-websocket-protocol#$	ws
$#Time#$	2023-12-18T19:16:34.705Z
$#aes-encryption-iv-16chars#$	IVKeyivKey123456
$#aes-encryption-key-16chars#$	EncryptionIniKey
$#base-hostname#$	dashboard
$#base-protocol#$	http
$#base-protocol#$|$#dashboard-websocket-protocol#$	http|ws
$#base-url#$	http://dashboard
$#dashboard-cache-control-max-age#$	1800
$#dashboard-cross-widget-default-load-wait-time#$	1000
$#dashboard-db-host#$	dashboarddb
$#dashboard-db-port#$	3306
$#dashboard-db-pwd#$	PxRg90yqIflxfWt5
$#dashboard-db-pwd-admin#$	JrquK867oJbIdsJt
$#dashboard-db-user#$	user
$#dashboard-direct-orion-base-url#$	http://orion:1026
$#dashboard-personaldata-user#$	userrootadmin
$#dashboard-personaldata-user-pwd#$	Sl9.wrE@k
$#dashboard-selector-web-default-load-wait-time#$	200
$#dashboard-session-duration#$	14400
$#dashboard-websocket-protocol#$	ws
$#datamanager-db-host#$	dashboarddb
$#datamanager-db-port#$	3306
$#datamanager-db-pwd#$	PxRg90yqIflxfWt5
$#datamanager-db-user#$	user
$#elasticsearch-host#$	opensearch-n1
$#elasticsearch-port#$	9200
$#elasticsearch-scheme#$	https
$#google-api-key#$	changeme
$#iot-amount#$	3
$#iotdirectory-db-host#$	dashboarddb
$#iotdirectory-db-pwd#$	PxRg90yqIflxfWt5
$#iotdirectory-db-user#$	user
$#ip-0#$	109.123.245.17
$#ip-nifi#$	109.123.245.17
$#ip-proxy#$	proxy
$#keycloak-admin#$	admin
$#keycloak-admin-pwd#$	CvxqySo2R7G41lKm
$#keystore-password#$	Wl4jTuOnG4wwxWk1
$#kibana-admin-password#$	LCKp1C1CLz4iCnJd
$#kibanauser-password#$	qws9N6mcc6txoZ1X
$#lat-ib-0#$	40.52077
$#ldap-admin-dn#$	cn=admin,dc=ldap,dc=organization,dc=com
$#ldap-admin-pwd#$	WJOAmk6DMcC2CSka
$#ldap-base-dn#$	dc=ldap,dc=organization,dc=com
$#ldap-organization#$	organization
$#ldap-port#$	389
$#ldap-server#$	ldap-server
$#ldap-server-host#$	ldap-server
$#ldap-server-port#$	389
$#lng-ib-0#$	17.25306
$#nifi-enc-key#$	zrEh9m606PlKgyzd
$#nifi-password#$	sB83KKdUFkfuBkoc
$#nifi-user#$	admin
$#notificator-db-host#$	dashboarddb
$#notificator-db-pwd#$	PxRg90yqIflxfWt5
$#notificator-db-user#$	user
$#opensearch-admin-pwd#$	PtsvMhgJmWoHHiav
$#orion-default-port#$	1026
$#orion-host#$	orion
$#orion-protocol#$	http
$#personaldata-db-host#$	dashboarddb
$#personaldata-db-pwd#$	PxRg90yqIflxfWt5
$#personaldata-db-user#$	user
$#personaldata-host#$	personaldata
$#personaldata-internal-url#$	http://personaldata
$#personaldata-protocol#$	http
$#postgre-geo-password#$	uAYMBz1hjSjlWGgc
$#postgre-geo-user#$	admin
$#postgre-host#$	od-postgis
$#postgre-password#$	AvwtHG6fVDtlsQ3J
$#postgre-user#$	postgres
$#servicemap-000#$	dashboard
$#servicemap-001#$	dashboard
$#servicemap-db-host#$	dashboarddb
$#servicemap-db-pwd#$	PxRg90yqIflxfWt5
$#servicemap-db-user#$	user
$#servicemap-id#$	servicemap
$#superservicemap-api-key#$	0123456789abcdef
$#superservicemap-db-host#$	dashboarddb
$#superservicemap-db-pwd#$	PxRg90yqIflxfWt5
$#superservicemap-db-user#$	user
$#truststore-password#$	EaUfQMpw9jt12wJs
$#virtuoso-kb-host#$	virtuoso-kb
$#virtuoso-kb-pwd#$	SzsBcw0clsSfv3rP
$#ws-port#$	80
$#zoom-0#$	
